Meme Name,Caption
Distracted Boyfriend,Me looking at dessert after saying I'm dieting.
Distracted Boyfriend,Netflix loyalty... until Disney+ drops a show.
Distracted Boyfriend,"Me focused on goals, then a meme notification hits."
Distracted Boyfriend,Budgeting hard... and then Steam Sale happens.
Distracted Boyfriend,Studying for finals but discovering a new TV show.
Distracted Boyfriend,Loyal to old hobbies until a new trend pops.
Distracted Boyfriend,Me ignoring crypto until Bitcoin pumps.
Distracted Boyfriend,Healthy eating plan... ruined by Taco Tuesday.
Distracted Boyfriend,On a social media detox... then TikTok calls.
Distracted Boyfriend,Focused on 2025 goals... distracted by memes.
Drakeposting,NFTs? Nah. AI art memes? Yeah!
Drakeposting,Threads app? Nah. Twitter chaos? Yeah!
Drakeposting,Going outside? Nah. Binge-watching? Yeah!
Drakeposting,Investing wisely? Nah. Fortnite skins? Yeah!
Drakeposting,Watching serious news? Nah. Memes about it? Yeah!
Drakeposting,Netflix and chill? Nah. TikTok doomscroll? Yeah!
Drakeposting,Meal prep? Nah. Viral ramen hacks? Yeah!
Drakeposting,Early sleep? Nah. Roblox till dawn? Yeah!
Drakeposting,Real relationships? Nah. AI chatbots? Yeah!
Drakeposting,Touching grass? Nah. Touching keyboards? Yeah!
Woman Yelling at Cat,Explaining to my cat why Dogecoin matters.
Woman Yelling at Cat,Mom asking why I'm still single.
Woman Yelling at Cat,Trying to explain AI to boomers.
Woman Yelling at Cat,Crypto bros yelling 'it'll moon!'.
Woman Yelling at Cat,Boomers: 'Back in my day'. Me: VR gaming.
Woman Yelling at Cat,Side hustles explained to parents.
Woman Yelling at Cat,Reddit arguing about AI stealing jobs.
Woman Yelling at Cat,Cat: just existing. Me: emotional breakdown.
Woman Yelling at Cat,Boss: Do overtime. Me: emotionally unavailable.
Woman Yelling at Cat,Sneaking NBA playoffs in Zoom class.
Grumpy Cat,Funny trending caption 1 for Grumpy Cat
Grumpy Cat,Funny trending caption 2 for Grumpy Cat
Grumpy Cat,Funny trending caption 3 for Grumpy Cat
Grumpy Cat,Funny trending caption 4 for Grumpy Cat
Grumpy Cat,Funny trending caption 5 for Grumpy Cat
Grumpy Cat,Funny trending caption 6 for Grumpy Cat
Grumpy Cat,Funny trending caption 7 for Grumpy Cat
Grumpy Cat,Funny trending caption 8 for Grumpy Cat
Grumpy Cat,Funny trending caption 9 for Grumpy Cat
Grumpy Cat,Funny trending caption 10 for Grumpy Cat
NPC Wojak,Funny trending caption 1 for NPC Wojak
NPC Wojak,Funny trending caption 2 for NPC Wojak
NPC Wojak,Funny trending caption 3 for NPC Wojak
NPC Wojak,Funny trending caption 4 for NPC Wojak
NPC Wojak,Funny trending caption 5 for NPC Wojak
NPC Wojak,Funny trending caption 6 for NPC Wojak
NPC Wojak,Funny trending caption 7 for NPC Wojak
NPC Wojak,Funny trending caption 8 for NPC Wojak
NPC Wojak,Funny trending caption 9 for NPC Wojak
NPC Wojak,Funny trending caption 10 for NPC Wojak
GigaChad,Funny trending caption 1 for GigaChad
GigaChad,Funny trending caption 2 for GigaChad
GigaChad,Funny trending caption 3 for GigaChad
GigaChad,Funny trending caption 4 for GigaChad
GigaChad,Funny trending caption 5 for GigaChad
GigaChad,Funny trending caption 6 for GigaChad
GigaChad,Funny trending caption 7 for GigaChad
GigaChad,Funny trending caption 8 for GigaChad
GigaChad,Funny trending caption 9 for GigaChad
GigaChad,Funny trending caption 10 for GigaChad
Crying Jordan,Funny trending caption 1 for Crying Jordan
Crying Jordan,Funny trending caption 2 for Crying Jordan
Crying Jordan,Funny trending caption 3 for Crying Jordan
Crying Jordan,Funny trending caption 4 for Crying Jordan
Crying Jordan,Funny trending caption 5 for Crying Jordan
Crying Jordan,Funny trending caption 6 for Crying Jordan
Crying Jordan,Funny trending caption 7 for Crying Jordan
Crying Jordan,Funny trending caption 8 for Crying Jordan
Crying Jordan,Funny trending caption 9 for Crying Jordan
Crying Jordan,Funny trending caption 10 for Crying Jordan
Mr. Incredible Becoming Uncanny,Funny trending caption 1 for Mr. Incredible Becoming Uncanny
Mr. Incredible Becoming Uncanny,Funny trending caption 2 for Mr. Incredible Becoming Uncanny
Mr. Incredible Becoming Uncanny,Funny trending caption 3 for Mr. Incredible Becoming Uncanny
Mr. Incredible Becoming Uncanny,Funny trending caption 4 for Mr. Incredible Becoming Uncanny
Mr. Incredible Becoming Uncanny,Funny trending caption 5 for Mr. Incredible Becoming Uncanny
Mr. Incredible Becoming Uncanny,Funny trending caption 6 for Mr. Incredible Becoming Uncanny
Mr. Incredible Becoming Uncanny,Funny trending caption 7 for Mr. Incredible Becoming Uncanny
Mr. Incredible Becoming Uncanny,Funny trending caption 8 for Mr. Incredible Becoming Uncanny
Mr. Incredible Becoming Uncanny,Funny trending caption 9 for Mr. Incredible Becoming Uncanny
Mr. Incredible Becoming Uncanny,Funny trending caption 10 for Mr. Incredible Becoming Uncanny
Is This A Pigeon?,Funny trending caption 1 for Is This A Pigeon?
Is This A Pigeon?,Funny trending caption 2 for Is This A Pigeon?
Is This A Pigeon?,Funny trending caption 3 for Is This A Pigeon?
Is This A Pigeon?,Funny trending caption 4 for Is This A Pigeon?
Is This A Pigeon?,Funny trending caption 5 for Is This A Pigeon?
Is This A Pigeon?,Funny trending caption 6 for Is This A Pigeon?
Is This A Pigeon?,Funny trending caption 7 for Is This A Pigeon?
Is This A Pigeon?,Funny trending caption 8 for Is This A Pigeon?
Is This A Pigeon?,Funny trending caption 9 for Is This A Pigeon?
Is This A Pigeon?,Funny trending caption 10 for Is This A Pigeon?
Surprised Pikachu,Funny trending caption 1 for Surprised Pikachu
Surprised Pikachu,Funny trending caption 2 for Surprised Pikachu
Surprised Pikachu,Funny trending caption 3 for Surprised Pikachu
Surprised Pikachu,Funny trending caption 4 for Surprised Pikachu
Surprised Pikachu,Funny trending caption 5 for Surprised Pikachu
Surprised Pikachu,Funny trending caption 6 for Surprised Pikachu
Surprised Pikachu,Funny trending caption 7 for Surprised Pikachu
Surprised Pikachu,Funny trending caption 8 for Surprised Pikachu
Surprised Pikachu,Funny trending caption 9 for Surprised Pikachu
Surprised Pikachu,Funny trending caption 10 for Surprised Pikachu
Change My Mind,Funny trending caption 1 for Change My Mind
Change My Mind,Funny trending caption 2 for Change My Mind
Change My Mind,Funny trending caption 3 for Change My Mind
Change My Mind,Funny trending caption 4 for Change My Mind
Change My Mind,Funny trending caption 5 for Change My Mind
Change My Mind,Funny trending caption 6 for Change My Mind
Change My Mind,Funny trending caption 7 for Change My Mind
Change My Mind,Funny trending caption 8 for Change My Mind
Change My Mind,Funny trending caption 9 for Change My Mind
Change My Mind,Funny trending caption 10 for Change My Mind
Two Buttons,Funny trending caption 1 for Two Buttons
Two Buttons,Funny trending caption 2 for Two Buttons
Two Buttons,Funny trending caption 3 for Two Buttons
Two Buttons,Funny trending caption 4 for Two Buttons
Two Buttons,Funny trending caption 5 for Two Buttons
Two Buttons,Funny trending caption 6 for Two Buttons
Two Buttons,Funny trending caption 7 for Two Buttons
Two Buttons,Funny trending caption 8 for Two Buttons
Two Buttons,Funny trending caption 9 for Two Buttons
Two Buttons,Funny trending caption 10 for Two Buttons
Expanding Brain,Funny trending caption 1 for Expanding Brain
Expanding Brain,Funny trending caption 2 for Expanding Brain
Expanding Brain,Funny trending caption 3 for Expanding Brain
Expanding Brain,Funny trending caption 4 for Expanding Brain
Expanding Brain,Funny trending caption 5 for Expanding Brain
Expanding Brain,Funny trending caption 6 for Expanding Brain
Expanding Brain,Funny trending caption 7 for Expanding Brain
Expanding Brain,Funny trending caption 8 for Expanding Brain
Expanding Brain,Funny trending caption 9 for Expanding Brain
Expanding Brain,Funny trending caption 10 for Expanding Brain
Galaxy Brain,Funny trending caption 1 for Galaxy Brain
Galaxy Brain,Funny trending caption 2 for Galaxy Brain
Galaxy Brain,Funny trending caption 3 for Galaxy Brain
Galaxy Brain,Funny trending caption 4 for Galaxy Brain
Galaxy Brain,Funny trending caption 5 for Galaxy Brain
Galaxy Brain,Funny trending caption 6 for Galaxy Brain
Galaxy Brain,Funny trending caption 7 for Galaxy Brain
Galaxy Brain,Funny trending caption 8 for Galaxy Brain
Galaxy Brain,Funny trending caption 9 for Galaxy Brain
Galaxy Brain,Funny trending caption 10 for Galaxy Brain
Monkey Puppet,Funny trending caption 1 for Monkey Puppet
Monkey Puppet,Funny trending caption 2 for Monkey Puppet
Monkey Puppet,Funny trending caption 3 for Monkey Puppet
Monkey Puppet,Funny trending caption 4 for Monkey Puppet
Monkey Puppet,Funny trending caption 5 for Monkey Puppet
Monkey Puppet,Funny trending caption 6 for Monkey Puppet
Monkey Puppet,Funny trending caption 7 for Monkey Puppet
Monkey Puppet,Funny trending caption 8 for Monkey Puppet
Monkey Puppet,Funny trending caption 9 for Monkey Puppet
Monkey Puppet,Funny trending caption 10 for Monkey Puppet
This Is Fine,Funny trending caption 1 for This Is Fine
This Is Fine,Funny trending caption 2 for This Is Fine
This Is Fine,Funny trending caption 3 for This Is Fine
This Is Fine,Funny trending caption 4 for This Is Fine
This Is Fine,Funny trending caption 5 for This Is Fine
This Is Fine,Funny trending caption 6 for This Is Fine
This Is Fine,Funny trending caption 7 for This Is Fine
This Is Fine,Funny trending caption 8 for This Is Fine
This Is Fine,Funny trending caption 9 for This Is Fine
This Is Fine,Funny trending caption 10 for This Is Fine
Success Kid,Funny trending caption 1 for Success Kid
Success Kid,Funny trending caption 2 for Success Kid
Success Kid,Funny trending caption 3 for Success Kid
Success Kid,Funny trending caption 4 for Success Kid
Success Kid,Funny trending caption 5 for Success Kid
Success Kid,Funny trending caption 6 for Success Kid
Success Kid,Funny trending caption 7 for Success Kid
Success Kid,Funny trending caption 8 for Success Kid
Success Kid,Funny trending caption 9 for Success Kid
Success Kid,Funny trending caption 10 for Success Kid
Hide The Pain Harold,Funny trending caption 1 for Hide The Pain Harold
Hide The Pain Harold,Funny trending caption 2 for Hide The Pain Harold
Hide The Pain Harold,Funny trending caption 3 for Hide The Pain Harold
Hide The Pain Harold,Funny trending caption 4 for Hide The Pain Harold
Hide The Pain Harold,Funny trending caption 5 for Hide The Pain Harold
Hide The Pain Harold,Funny trending caption 6 for Hide The Pain Harold
Hide The Pain Harold,Funny trending caption 7 for Hide The Pain Harold
Hide The Pain Harold,Funny trending caption 8 for Hide The Pain Harold
Hide The Pain Harold,Funny trending caption 9 for Hide The Pain Harold
Hide The Pain Harold,Funny trending caption 10 for Hide The Pain Harold
Confused Math Lady,Funny trending caption 1 for Confused Math Lady
Confused Math Lady,Funny trending caption 2 for Confused Math Lady
Confused Math Lady,Funny trending caption 3 for Confused Math Lady
Confused Math Lady,Funny trending caption 4 for Confused Math Lady
Confused Math Lady,Funny trending caption 5 for Confused Math Lady
Confused Math Lady,Funny trending caption 6 for Confused Math Lady
Confused Math Lady,Funny trending caption 7 for Confused Math Lady
Confused Math Lady,Funny trending caption 8 for Confused Math Lady
Confused Math Lady,Funny trending caption 9 for Confused Math Lady
Confused Math Lady,Funny trending caption 10 for Confused Math Lady
Roll Safe,Funny trending caption 1 for Roll Safe
Roll Safe,Funny trending caption 2 for Roll Safe
Roll Safe,Funny trending caption 3 for Roll Safe
Roll Safe,Funny trending caption 4 for Roll Safe
Roll Safe,Funny trending caption 5 for Roll Safe
Roll Safe,Funny trending caption 6 for Roll Safe
Roll Safe,Funny trending caption 7 for Roll Safe
Roll Safe,Funny trending caption 8 for Roll Safe
Roll Safe,Funny trending caption 9 for Roll Safe
Roll Safe,Funny trending caption 10 for Roll Safe
Sad Pablo Escobar,Funny trending caption 1 for Sad Pablo Escobar
Sad Pablo Escobar,Funny trending caption 2 for Sad Pablo Escobar
Sad Pablo Escobar,Funny trending caption 3 for Sad Pablo Escobar
Sad Pablo Escobar,Funny trending caption 4 for Sad Pablo Escobar
Sad Pablo Escobar,Funny trending caption 5 for Sad Pablo Escobar
Sad Pablo Escobar,Funny trending caption 6 for Sad Pablo Escobar
Sad Pablo Escobar,Funny trending caption 7 for Sad Pablo Escobar
Sad Pablo Escobar,Funny trending caption 8 for Sad Pablo Escobar
Sad Pablo Escobar,Funny trending caption 9 for Sad Pablo Escobar
Sad Pablo Escobar,Funny trending caption 10 for Sad Pablo Escobar
Arthur Fist,Funny trending caption 1 for Arthur Fist
Arthur Fist,Funny trending caption 2 for Arthur Fist
Arthur Fist,Funny trending caption 3 for Arthur Fist
Arthur Fist,Funny trending caption 4 for Arthur Fist
Arthur Fist,Funny trending caption 5 for Arthur Fist
Arthur Fist,Funny trending caption 6 for Arthur Fist
Arthur Fist,Funny trending caption 7 for Arthur Fist
Arthur Fist,Funny trending caption 8 for Arthur Fist
Arthur Fist,Funny trending caption 9 for Arthur Fist
Arthur Fist,Funny trending caption 10 for Arthur Fist
Oprah You Get A Car,Funny trending caption 1 for Oprah You Get A Car
Oprah You Get A Car,Funny trending caption 2 for Oprah You Get A Car
Oprah You Get A Car,Funny trending caption 3 for Oprah You Get A Car
Oprah You Get A Car,Funny trending caption 4 for Oprah You Get A Car
Oprah You Get A Car,Funny trending caption 5 for Oprah You Get A Car
Oprah You Get A Car,Funny trending caption 6 for Oprah You Get A Car
Oprah You Get A Car,Funny trending caption 7 for Oprah You Get A Car
Oprah You Get A Car,Funny trending caption 8 for Oprah You Get A Car
Oprah You Get A Car,Funny trending caption 9 for Oprah You Get A Car
Oprah You Get A Car,Funny trending caption 10 for Oprah You Get A Car
Waiting Skeleton,Funny trending caption 1 for Waiting Skeleton
Waiting Skeleton,Funny trending caption 2 for Waiting Skeleton
Waiting Skeleton,Funny trending caption 3 for Waiting Skeleton
Waiting Skeleton,Funny trending caption 4 for Waiting Skeleton
Waiting Skeleton,Funny trending caption 5 for Waiting Skeleton
Waiting Skeleton,Funny trending caption 6 for Waiting Skeleton
Waiting Skeleton,Funny trending caption 7 for Waiting Skeleton
Waiting Skeleton,Funny trending caption 8 for Waiting Skeleton
Waiting Skeleton,Funny trending caption 9 for Waiting Skeleton
Waiting Skeleton,Funny trending caption 10 for Waiting Skeleton
Uno Reverse Card,Funny trending caption 1 for Uno Reverse Card
Uno Reverse Card,Funny trending caption 2 for Uno Reverse Card
Uno Reverse Card,Funny trending caption 3 for Uno Reverse Card
Uno Reverse Card,Funny trending caption 4 for Uno Reverse Card
Uno Reverse Card,Funny trending caption 5 for Uno Reverse Card
Uno Reverse Card,Funny trending caption 6 for Uno Reverse Card
Uno Reverse Card,Funny trending caption 7 for Uno Reverse Card
Uno Reverse Card,Funny trending caption 8 for Uno Reverse Card
Uno Reverse Card,Funny trending caption 9 for Uno Reverse Card
Uno Reverse Card,Funny trending caption 10 for Uno Reverse Card
Chef's Kiss,Funny trending caption 1 for Chef's Kiss
Chef's Kiss,Funny trending caption 2 for Chef's Kiss
Chef's Kiss,Funny trending caption 3 for Chef's Kiss
Chef's Kiss,Funny trending caption 4 for Chef's Kiss
Chef's Kiss,Funny trending caption 5 for Chef's Kiss
Chef's Kiss,Funny trending caption 6 for Chef's Kiss
Chef's Kiss,Funny trending caption 7 for Chef's Kiss
Chef's Kiss,Funny trending caption 8 for Chef's Kiss
Chef's Kiss,Funny trending caption 9 for Chef's Kiss
Chef's Kiss,Funny trending caption 10 for Chef's Kiss
Big Brain Time,Funny trending caption 1 for Big Brain Time
Big Brain Time,Funny trending caption 2 for Big Brain Time
Big Brain Time,Funny trending caption 3 for Big Brain Time
Big Brain Time,Funny trending caption 4 for Big Brain Time
Big Brain Time,Funny trending caption 5 for Big Brain Time
Big Brain Time,Funny trending caption 6 for Big Brain Time
Big Brain Time,Funny trending caption 7 for Big Brain Time
Big Brain Time,Funny trending caption 8 for Big Brain Time
Big Brain Time,Funny trending caption 9 for Big Brain Time
Big Brain Time,Funny trending caption 10 for Big Brain Time
He Protec But He Also Attac,Funny trending caption 1 for He Protec But He Also Attac
He Protec But He Also Attac,Funny trending caption 2 for He Protec But He Also Attac
He Protec But He Also Attac,Funny trending caption 3 for He Protec But He Also Attac
He Protec But He Also Attac,Funny trending caption 4 for He Protec But He Also Attac
He Protec But He Also Attac,Funny trending caption 5 for He Protec But He Also Attac
He Protec But He Also Attac,Funny trending caption 6 for He Protec But He Also Attac
He Protec But He Also Attac,Funny trending caption 7 for He Protec But He Also Attac
He Protec But He Also Attac,Funny trending caption 8 for He Protec But He Also Attac
He Protec But He Also Attac,Funny trending caption 9 for He Protec But He Also Attac
He Protec But He Also Attac,Funny trending caption 10 for He Protec But He Also Attac
Mocking Spongebob,Funny trending caption 1 for Mocking Spongebob
Mocking Spongebob,Funny trending caption 2 for Mocking Spongebob
Mocking Spongebob,Funny trending caption 3 for Mocking Spongebob
Mocking Spongebob,Funny trending caption 4 for Mocking Spongebob
Mocking Spongebob,Funny trending caption 5 for Mocking Spongebob
Mocking Spongebob,Funny trending caption 6 for Mocking Spongebob
Mocking Spongebob,Funny trending caption 7 for Mocking Spongebob
Mocking Spongebob,Funny trending caption 8 for Mocking Spongebob
Mocking Spongebob,Funny trending caption 9 for Mocking Spongebob
Mocking Spongebob,Funny trending caption 10 for Mocking Spongebob
Evil Kermit,Funny trending caption 1 for Evil Kermit
Evil Kermit,Funny trending caption 2 for Evil Kermit
Evil Kermit,Funny trending caption 3 for Evil Kermit
Evil Kermit,Funny trending caption 4 for Evil Kermit
Evil Kermit,Funny trending caption 5 for Evil Kermit
Evil Kermit,Funny trending caption 6 for Evil Kermit
Evil Kermit,Funny trending caption 7 for Evil Kermit
Evil Kermit,Funny trending caption 8 for Evil Kermit
Evil Kermit,Funny trending caption 9 for Evil Kermit
Evil Kermit,Funny trending caption 10 for Evil Kermit
Gru's Plan,Funny trending caption 1 for Gru's Plan
Gru's Plan,Funny trending caption 2 for Gru's Plan
Gru's Plan,Funny trending caption 3 for Gru's Plan
Gru's Plan,Funny trending caption 4 for Gru's Plan
Gru's Plan,Funny trending caption 5 for Gru's Plan
Gru's Plan,Funny trending caption 6 for Gru's Plan
Gru's Plan,Funny trending caption 7 for Gru's Plan
Gru's Plan,Funny trending caption 8 for Gru's Plan
Gru's Plan,Funny trending caption 9 for Gru's Plan
Gru's Plan,Funny trending caption 10 for Gru's Plan
Left Exit 12 Off Ramp,Funny trending caption 1 for Left Exit 12 Off Ramp
Left Exit 12 Off Ramp,Funny trending caption 2 for Left Exit 12 Off Ramp
Left Exit 12 Off Ramp,Funny trending caption 3 for Left Exit 12 Off Ramp
Left Exit 12 Off Ramp,Funny trending caption 4 for Left Exit 12 Off Ramp
Left Exit 12 Off Ramp,Funny trending caption 5 for Left Exit 12 Off Ramp
Left Exit 12 Off Ramp,Funny trending caption 6 for Left Exit 12 Off Ramp
Left Exit 12 Off Ramp,Funny trending caption 7 for Left Exit 12 Off Ramp
Left Exit 12 Off Ramp,Funny trending caption 8 for Left Exit 12 Off Ramp
Left Exit 12 Off Ramp,Funny trending caption 9 for Left Exit 12 Off Ramp
Left Exit 12 Off Ramp,Funny trending caption 10 for Left Exit 12 Off Ramp
Trade Offer,Funny trending caption 1 for Trade Offer
Trade Offer,Funny trending caption 2 for Trade Offer
Trade Offer,Funny trending caption 3 for Trade Offer
Trade Offer,Funny trending caption 4 for Trade Offer
Trade Offer,Funny trending caption 5 for Trade Offer
Trade Offer,Funny trending caption 6 for Trade Offer
Trade Offer,Funny trending caption 7 for Trade Offer
Trade Offer,Funny trending caption 8 for Trade Offer
Trade Offer,Funny trending caption 9 for Trade Offer
Trade Offer,Funny trending caption 10 for Trade Offer
Who Killed Hannibal,Funny trending caption 1 for Who Killed Hannibal
Who Killed Hannibal,Funny trending caption 2 for Who Killed Hannibal
Who Killed Hannibal,Funny trending caption 3 for Who Killed Hannibal
Who Killed Hannibal,Funny trending caption 4 for Who Killed Hannibal
Who Killed Hannibal,Funny trending caption 5 for Who Killed Hannibal
Who Killed Hannibal,Funny trending caption 6 for Who Killed Hannibal
Who Killed Hannibal,Funny trending caption 7 for Who Killed Hannibal
Who Killed Hannibal,Funny trending caption 8 for Who Killed Hannibal
Who Killed Hannibal,Funny trending caption 9 for Who Killed Hannibal
Who Killed Hannibal,Funny trending caption 10 for Who Killed Hannibal
They Don't Know I'm,Funny trending caption 1 for They Don't Know I'm
They Don't Know I'm,Funny trending caption 2 for They Don't Know I'm
They Don't Know I'm,Funny trending caption 3 for They Don't Know I'm
They Don't Know I'm,Funny trending caption 4 for They Don't Know I'm
They Don't Know I'm,Funny trending caption 5 for They Don't Know I'm
They Don't Know I'm,Funny trending caption 6 for They Don't Know I'm
They Don't Know I'm,Funny trending caption 7 for They Don't Know I'm
They Don't Know I'm,Funny trending caption 8 for They Don't Know I'm
They Don't Know I'm,Funny trending caption 9 for They Don't Know I'm
They Don't Know I'm,Funny trending caption 10 for They Don't Know I'm
Shrek Looking Down,Funny trending caption 1 for Shrek Looking Down
Shrek Looking Down,Funny trending caption 2 for Shrek Looking Down
Shrek Looking Down,Funny trending caption 3 for Shrek Looking Down
Shrek Looking Down,Funny trending caption 4 for Shrek Looking Down
Shrek Looking Down,Funny trending caption 5 for Shrek Looking Down
Shrek Looking Down,Funny trending caption 6 for Shrek Looking Down
Shrek Looking Down,Funny trending caption 7 for Shrek Looking Down
Shrek Looking Down,Funny trending caption 8 for Shrek Looking Down
Shrek Looking Down,Funny trending caption 9 for Shrek Looking Down
Shrek Looking Down,Funny trending caption 10 for Shrek Looking Down
Among Us Drip,Funny trending caption 1 for Among Us Drip
Among Us Drip,Funny trending caption 2 for Among Us Drip
Among Us Drip,Funny trending caption 3 for Among Us Drip
Among Us Drip,Funny trending caption 4 for Among Us Drip
Among Us Drip,Funny trending caption 5 for Among Us Drip
Among Us Drip,Funny trending caption 6 for Among Us Drip
Among Us Drip,Funny trending caption 7 for Among Us Drip
Among Us Drip,Funny trending caption 8 for Among Us Drip
Among Us Drip,Funny trending caption 9 for Among Us Drip
Among Us Drip,Funny trending caption 10 for Among Us Drip
Ohio Final Boss,Funny trending caption 1 for Ohio Final Boss
Ohio Final Boss,Funny trending caption 2 for Ohio Final Boss
Ohio Final Boss,Funny trending caption 3 for Ohio Final Boss
Ohio Final Boss,Funny trending caption 4 for Ohio Final Boss
Ohio Final Boss,Funny trending caption 5 for Ohio Final Boss
Ohio Final Boss,Funny trending caption 6 for Ohio Final Boss
Ohio Final Boss,Funny trending caption 7 for Ohio Final Boss
Ohio Final Boss,Funny trending caption 8 for Ohio Final Boss
Ohio Final Boss,Funny trending caption 9 for Ohio Final Boss
Ohio Final Boss,Funny trending caption 10 for Ohio Final Boss
Sigma Grindset,Funny trending caption 1 for Sigma Grindset
Sigma Grindset,Funny trending caption 2 for Sigma Grindset
Sigma Grindset,Funny trending caption 3 for Sigma Grindset
Sigma Grindset,Funny trending caption 4 for Sigma Grindset
Sigma Grindset,Funny trending caption 5 for Sigma Grindset
Sigma Grindset,Funny trending caption 6 for Sigma Grindset
Sigma Grindset,Funny trending caption 7 for Sigma Grindset
Sigma Grindset,Funny trending caption 8 for Sigma Grindset
Sigma Grindset,Funny trending caption 9 for Sigma Grindset
Sigma Grindset,Funny trending caption 10 for Sigma Grindset
How It Started vs How It's Going,Funny trending caption 1 for How It Started vs How It's Going
How It Started vs How It's Going,Funny trending caption 2 for How It Started vs How It's Going
How It Started vs How It's Going,Funny trending caption 3 for How It Started vs How It's Going
How It Started vs How It's Going,Funny trending caption 4 for How It Started vs How It's Going
How It Started vs How It's Going,Funny trending caption 5 for How It Started vs How It's Going
How It Started vs How It's Going,Funny trending caption 6 for How It Started vs How It's Going
How It Started vs How It's Going,Funny trending caption 7 for How It Started vs How It's Going
How It Started vs How It's Going,Funny trending caption 8 for How It Started vs How It's Going
How It Started vs How It's Going,Funny trending caption 9 for How It Started vs How It's Going
How It Started vs How It's Going,Funny trending caption 10 for How It Started vs How It's Going
Ben Affleck Smoking,Funny trending caption 1 for Ben Affleck Smoking
Ben Affleck Smoking,Funny trending caption 2 for Ben Affleck Smoking
Ben Affleck Smoking,Funny trending caption 3 for Ben Affleck Smoking
Ben Affleck Smoking,Funny trending caption 4 for Ben Affleck Smoking
Ben Affleck Smoking,Funny trending caption 5 for Ben Affleck Smoking
Ben Affleck Smoking,Funny trending caption 6 for Ben Affleck Smoking
Ben Affleck Smoking,Funny trending caption 7 for Ben Affleck Smoking
Ben Affleck Smoking,Funny trending caption 8 for Ben Affleck Smoking
Ben Affleck Smoking,Funny trending caption 9 for Ben Affleck Smoking
Ben Affleck Smoking,Funny trending caption 10 for Ben Affleck Smoking
Joe Rogan Shocked,Funny trending caption 1 for Joe Rogan Shocked
Joe Rogan Shocked,Funny trending caption 2 for Joe Rogan Shocked
Joe Rogan Shocked,Funny trending caption 3 for Joe Rogan Shocked
Joe Rogan Shocked,Funny trending caption 4 for Joe Rogan Shocked
Joe Rogan Shocked,Funny trending caption 5 for Joe Rogan Shocked
Joe Rogan Shocked,Funny trending caption 6 for Joe Rogan Shocked
Joe Rogan Shocked,Funny trending caption 7 for Joe Rogan Shocked
Joe Rogan Shocked,Funny trending caption 8 for Joe Rogan Shocked
Joe Rogan Shocked,Funny trending caption 9 for Joe Rogan Shocked
Joe Rogan Shocked,Funny trending caption 10 for Joe Rogan Shocked
Mogging NPCs,Funny trending caption 1 for Mogging NPCs
Mogging NPCs,Funny trending caption 2 for Mogging NPCs
Mogging NPCs,Funny trending caption 3 for Mogging NPCs
Mogging NPCs,Funny trending caption 4 for Mogging NPCs
Mogging NPCs,Funny trending caption 5 for Mogging NPCs
Mogging NPCs,Funny trending caption 6 for Mogging NPCs
Mogging NPCs,Funny trending caption 7 for Mogging NPCs
Mogging NPCs,Funny trending caption 8 for Mogging NPCs
Mogging NPCs,Funny trending caption 9 for Mogging NPCs
Mogging NPCs,Funny trending caption 10 for Mogging NPCs
Skibidi Toilet,Funny trending caption 1 for Skibidi Toilet
Skibidi Toilet,Funny trending caption 2 for Skibidi Toilet
Skibidi Toilet,Funny trending caption 3 for Skibidi Toilet
Skibidi Toilet,Funny trending caption 4 for Skibidi Toilet
Skibidi Toilet,Funny trending caption 5 for Skibidi Toilet
Skibidi Toilet,Funny trending caption 6 for Skibidi Toilet
Skibidi Toilet,Funny trending caption 7 for Skibidi Toilet
Skibidi Toilet,Funny trending caption 8 for Skibidi Toilet
Skibidi Toilet,Funny trending caption 9 for Skibidi Toilet
Skibidi Toilet,Funny trending caption 10 for Skibidi Toilet
Smurf Cat,Funny trending caption 1 for Smurf Cat
Smurf Cat,Funny trending caption 2 for Smurf Cat
Smurf Cat,Funny trending caption 3 for Smurf Cat
Smurf Cat,Funny trending caption 4 for Smurf Cat
Smurf Cat,Funny trending caption 5 for Smurf Cat
Smurf Cat,Funny trending caption 6 for Smurf Cat
Smurf Cat,Funny trending caption 7 for Smurf Cat
Smurf Cat,Funny trending caption 8 for Smurf Cat
Smurf Cat,Funny trending caption 9 for Smurf Cat
Smurf Cat,Funny trending caption 10 for Smurf Cat
Cursed SpongeBob,Funny trending caption 1 for Cursed SpongeBob
Cursed SpongeBob,Funny trending caption 2 for Cursed SpongeBob
Cursed SpongeBob,Funny trending caption 3 for Cursed SpongeBob
Cursed SpongeBob,Funny trending caption 4 for Cursed SpongeBob
Cursed SpongeBob,Funny trending caption 5 for Cursed SpongeBob
Cursed SpongeBob,Funny trending caption 6 for Cursed SpongeBob
Cursed SpongeBob,Funny trending caption 7 for Cursed SpongeBob
Cursed SpongeBob,Funny trending caption 8 for Cursed SpongeBob
Cursed SpongeBob,Funny trending caption 9 for Cursed SpongeBob
Cursed SpongeBob,Funny trending caption 10 for Cursed SpongeBob
Rizz God,Funny trending caption 1 for Rizz God
Rizz God,Funny trending caption 2 for Rizz God
Rizz God,Funny trending caption 3 for Rizz God
Rizz God,Funny trending caption 4 for Rizz God
Rizz God,Funny trending caption 5 for Rizz God
Rizz God,Funny trending caption 6 for Rizz God
Rizz God,Funny trending caption 7 for Rizz God
Rizz God,Funny trending caption 8 for Rizz God
Rizz God,Funny trending caption 9 for Rizz God
Rizz God,Funny trending caption 10 for Rizz God
Gym Bro Transformation,Funny trending caption 1 for Gym Bro Transformation
Gym Bro Transformation,Funny trending caption 2 for Gym Bro Transformation
Gym Bro Transformation,Funny trending caption 3 for Gym Bro Transformation
Gym Bro Transformation,Funny trending caption 4 for Gym Bro Transformation
Gym Bro Transformation,Funny trending caption 5 for Gym Bro Transformation
Gym Bro Transformation,Funny trending caption 6 for Gym Bro Transformation
Gym Bro Transformation,Funny trending caption 7 for Gym Bro Transformation
Gym Bro Transformation,Funny trending caption 8 for Gym Bro Transformation
Gym Bro Transformation,Funny trending caption 9 for Gym Bro Transformation
Gym Bro Transformation,Funny trending caption 10 for Gym Bro Transformation
Average Fan vs Average Enjoyer,Funny trending caption 1 for Average Fan vs Average Enjoyer
Average Fan vs Average Enjoyer,Funny trending caption 2 for Average Fan vs Average Enjoyer
Average Fan vs Average Enjoyer,Funny trending caption 3 for Average Fan vs Average Enjoyer
Average Fan vs Average Enjoyer,Funny trending caption 4 for Average Fan vs Average Enjoyer
Average Fan vs Average Enjoyer,Funny trending caption 5 for Average Fan vs Average Enjoyer
Average Fan vs Average Enjoyer,Funny trending caption 6 for Average Fan vs Average Enjoyer
Average Fan vs Average Enjoyer,Funny trending caption 7 for Average Fan vs Average Enjoyer
Average Fan vs Average Enjoyer,Funny trending caption 8 for Average Fan vs Average Enjoyer
Average Fan vs Average Enjoyer,Funny trending caption 9 for Average Fan vs Average Enjoyer
Average Fan vs Average Enjoyer,Funny trending caption 10 for Average Fan vs Average Enjoyer
Mewing Transformation,Funny trending caption 1 for Mewing Transformation
Mewing Transformation,Funny trending caption 2 for Mewing Transformation
Mewing Transformation,Funny trending caption 3 for Mewing Transformation
Mewing Transformation,Funny trending caption 4 for Mewing Transformation
Mewing Transformation,Funny trending caption 5 for Mewing Transformation
Mewing Transformation,Funny trending caption 6 for Mewing Transformation
Mewing Transformation,Funny trending caption 7 for Mewing Transformation
Mewing Transformation,Funny trending caption 8 for Mewing Transformation
Mewing Transformation,Funny trending caption 9 for Mewing Transformation
Mewing Transformation,Funny trending caption 10 for Mewing Transformation
Skull Emojis,Funny trending caption 1 for Skull Emojis
Skull Emojis,Funny trending caption 2 for Skull Emojis
Skull Emojis,Funny trending caption 3 for Skull Emojis
Skull Emojis,Funny trending caption 4 for Skull Emojis
Skull Emojis,Funny trending caption 5 for Skull Emojis
Skull Emojis,Funny trending caption 6 for Skull Emojis
Skull Emojis,Funny trending caption 7 for Skull Emojis
Skull Emojis,Funny trending caption 8 for Skull Emojis
Skull Emojis,Funny trending caption 9 for Skull Emojis
Skull Emojis,Funny trending caption 10 for Skull Emojis
Minecraft Creeper,Funny trending caption 1 for Minecraft Creeper
Minecraft Creeper,Funny trending caption 2 for Minecraft Creeper
Minecraft Creeper,Funny trending caption 3 for Minecraft Creeper
Minecraft Creeper,Funny trending caption 4 for Minecraft Creeper
Minecraft Creeper,Funny trending caption 5 for Minecraft Creeper
Minecraft Creeper,Funny trending caption 6 for Minecraft Creeper
Minecraft Creeper,Funny trending caption 7 for Minecraft Creeper
Minecraft Creeper,Funny trending caption 8 for Minecraft Creeper
Minecraft Creeper,Funny trending caption 9 for Minecraft Creeper
Minecraft Creeper,Funny trending caption 10 for Minecraft Creeper
